{"cameraMode":{"drawMode":0,"name":"Shaded","section":"Shading Mode"},"sceneLighting":true,"audioPlay":false,"sceneViewState":{"m_AlwaysRefresh":false,"showFog":true,"showSkybox":true,"showFlares":true,"showImageEffects":true,"showParticleSystems":true,"showVisualEffectGraphs":true,"m_FxEnabled":true},"in2DMode":false,"pivot":{"x":2.969505548477173,"y":-2.043564558029175,"z":5.457286834716797},"rotation":{"x":0.16273172199726106,"y":0.022198094055056573,"z":-0.0036617715377360584,"w":0.9864165782928467},"size":12.12435531616211,"orthographic":false}