{"cameraMode":{"drawMode":0,"name":"Shaded","section":"Shading Mode"},"sceneLighting":true,"audioPlay":false,"sceneViewState":{"m_AlwaysRefresh":false,"showFog":true,"showSkybox":true,"showFlares":true,"showImageEffects":true,"showParticleSystems":true,"showVisualEffectGraphs":true,"m_FxEnabled":true},"in2DMode":false,"pivot":{"x":-21.66248321533203,"y":-0.0910957008600235,"z":10.677278518676758},"rotation":{"x":0.04157176986336708,"y":-0.38119402527809145,"z":0.01718852110207081,"w":0.9234192967414856},"size":17.24205207824707,"orthographic":false}